station,lat,lon
6201045,54.29402,-0.31852
6201047,55.18517,-1.47835
6201050,53.2449,0.44699
6201059,52.47586,1.81717
A121,55.41664,3.81663
Europlatform2,51.99861,3.27639
F3platform,54.85389,4.7275
IJmuidenMunitiestort,52.55,4.05833
J61,53.81663,2.95
K13a,53.21778,3.22
L91,53.6138,4.9607
Nymindegab,55.81,7.941
Oosterschelde11,51.64379,3.48122
Q1,52.9264,4.1506
WaddenEierlandseGat,53.27694,4.66167